ID,CAG,WA,SS,OVP,DISC,DISC EXTRA
A01114781,1,0,1,1,0,1
A01372001,1,0,1,1,0,1
A01374106,1,1,1,1,0,1
A01366213,1,1,1,1,0,1
A01651301,1,1,1,1,0,1
A01366013,1,1,1,0,0,1
A01379610,0,0,1,1,0,1
A01023974,1,1,1,1,0,1
A01652479,1,0,1,1,0,1
A01274924,1,1,1,1,0,1
A01633149,1,1,1,1,0,1
A01024984,1,1,1,1,0,1
A01067149,0,1,1,1,0,0
A01275157,0,0,1,1,0,1
A01634145,1,0,1,1,0,1
A01367683,1,0,1,1,0,1
A01654489,0,1,1,1,1,1
A01552190,1,1,1,1,1,1
A01745891,0,0,1,0,0,1
A01655721,0,0,1,1,0,1
A01746201,1,1,1,1,0,1
A01655168,0,1,1,1,0,1
A01368182,1,0,1,0,0,1
A01655325,0,0,1,0,0,1
A01275468,1,1,1,1,0,1
A01655735,1,0,1,1,0,1
A01747169,1,0,1,0,0,1
A01747218,1,1,1,0,1,0
A01245631,1,1,1,1,0,0
A01368619,1,1,1,1,0,1
A01641726,1,1,1,1,0,1
A01656305,1,0,1,1,0,1
A01656379,1,0,1,1,0,1
A01704802,1,0,1,1,0,1
A01748778,1,0,1,1,0,1
A01656960,1,1,1,1,0,1
A01657167,1,1,1,0,1,1
A01636996,1,1,1,1,0,1
A01637204,1,1,1,0,1,1
A01568979,1,1,1,0,1,1
A01657711,1,1,1,0,1,1
A01657789,1,1,1,0,1,0
A01657729,1,1,1,0,1,1
A01657715,1,1,1,0,1,1
A01657702,1,1,1,0,1,1
A01657784,1,1,1,0,1,1
A01741187,0,1,1,0,1,1
A01658632,1,1,1,0,1,1
A01612486,1,1,1,1,0,1
A01660615,1,0,1,1,0,1
A01659806,1,1,1,1,0,1
A01781292,0,0,1,1,0,1
A01781018,1,1,1,1,0,1
A01741871,1,1,1,1,0,1
A00227718,1,1,1,1,0,1
A01640342,1,1,1,1,0,1
A01640616,0,0,1,1,0,1
A01640657,0,0,1,0,0,1
A00832297,1,1,1,1,0,1
A01781927,1,0,1,0,0,1
A01661085,1,1,1,1,0,1
A01641356,1,1,1,1,0,1
A01661495,1,0,1,1,0,1
A01782420,0,0,1,1,1,1
A01661605,1,0,1,0,0,1
A01782909,1,1,1,1,0,1
A01642218,1,1,1,1,0,0
A01641907,0,0,1,1,0,1
A01662292,1,1,1,0,1,1
A01771240,1,1,1,1,0,0
A01642388,1,1,1,1,0,1
A01664239,1,1,1,0,1,1
A01643720,1,1,1,0,1,1
A01664568,1,1,1,0,1,1
A00227157,1,1,1,1,1,1
A01636874,1,1,1,0,0,1
A01023170,0,1,1,0,0,1
A01781990,1,1,1,1,0,1
A01379385,1,0,1,0,0,1
A01378394,1,1,1,1,0,1
A01659884,1,1,1,1,0,1
A01378876,1,0,1,1,0,1
A01702390,1,0,1,0,0,1
A01653124,1,1,1,0,0,1
A01655732,0,1,1,0,1,1
A01653341,1,0,1,1,0,1
A01745343,1,0,1,1,0,1
A01654001,1,0,1,0,0,1
A01367669,0,0,1,1,0,1
A01025680,1,1,1,1,0,1
A01655360,1,1,1,1,0,1
A01654900,1,1,1,1,0,1
A01026151,1,1,1,0,1,1
A01656551,1,1,1,1,0,0
A07154285,0,0,1,0,0,1
A01612063,0,0,1,0,0,1
A01368481,1,1,1,1,0,0
A01026332,0,0,1,0,0,1
A01747188,1,1,1,1,0,0
A01747997,1,1,1,0,1,1
A01635785,1,1,1,1,0,1
A01747820,1,0,1,0,0,1
A00572425,1,1,1,1,0,1
A01747922,1,1,1,1,0,1
A01748097,1,0,1,1,0,1
A01027140,1,1,1,1,0,1
A01636703,0,0,1,0,0,1
A01661733,1,1,1,1,0,1
A01369249,0,0,1,1,0,1
A01749021,1,1,1,1,0,1
A01637175,1,1,1,0,1,1
A01637265,1,1,1,0,1,1
A01568926,1,1,1,0,1,1
A01658128,1,1,1,0,1,0
A01424088,1,1,1,0,1,1
A01657829,1,1,1,0,1,1
A01028930,1,1,1,1,0,1
A01754195,1,1,1,1,0,1
A01659738,1,1,1,1,0,1
A01781695,0,0,1,1,0,1
A01752783,0,0,1,1,0,1
A01552648,1,0,1,1,0,1
A01783054,1,1,1,1,0,1
A01640586,1,0,1,1,0,1
A01781791,1,0,1,1,0,1
A01660869,1,1,1,0,0,1
A01640686,1,1,1,1,0,1
A01661644,1,1,1,0,1,1
A01641950,1,1,1,0,1,1
A01754358,1,1,1,0,0,1
A01662334,1,1,1,1,0,1
A01782954,1,1,1,1,0,1
A01641761,1,1,1,0,1,1
A01662119,1,1,1,1,0,1
A01783090,1,1,1,1,0,1
A01642167,1,1,1,1,0,1
A01754889,1,1,1,1,0,1
A01783234,1,1,1,1,0,1
A01662699,1,0,1,1,0,1
A01642385,1,0,1,0,0,1
A01643347,1,1,1,0,1,1
A01643197,1,1,1,0,1,1
A01351306,1,1,1,0,1,1
A01376771,1,1,1,1,0,1
A01274521,1,1,1,1,0,0
A01632560,0,0,1,1,0,1
A01652343,1,1,1,1,0,1
A01632793,1,0,1,1,1,1
A01653328,1,1,1,1,1,1
A01745091,0,0,1,0,0,1
A01568504,1,1,1,1,0,0
A00227172,0,0,1,0,0,1
A01746072,1,0,1,1,0,1
A01654743,1,1,1,1,0,1
A01746377,0,0,1,1,0,1
A01655128,1,1,1,1,0,1
A01655200,0,0,1,1,0,1
A07106173,1,1,1,1,0,1
A01026292,1,0,1,0,0,1
A01026204,1,0,1,1,0,1
A01656276,1,0,1,0,0,1
A01661126,1,1,1,1,0,1
A01635511,1,1,1,0,1,1
A01740723,1,1,1,1,0,1
A00825037,1,0,1,1,0,1
A01747498,0,0,1,0,0,1
A01275613,1,1,1,0,0,1
A01656653,1,0,1,0,0,1
A01748079,1,0,1,0,0,1
A01656850,0,1,1,0,1,1
A01748324,1,1,0,1,0,0
A01027432,1,0,1,1,0,1
A01656828,1,0,1,0,0,1
A01750581,1,0,1,1,0,1
A01657985,1,1,1,0,1,1
A01637690,1,1,1,0,1,1
A01276348,1,1,1,0,1,1
A01750990,1,1,1,0,1,1
A01658995,0,1,1,0,1,1
A01660868,1,1,1,0,1,1
A01640668,1,1,1,1,0,0
A01640839,1,0,1,1,0,1
A01753763,1,0,1,0,0,1
A01641181,1,1,1,0,0,1
A01660991,1,1,1,1,0,1
A01424732,1,1,1,1,0,1
A01782950,1,0,1,0,0,1
A01753719,1,1,1,1,0,1
A01641359,1,0,1,0,0,1
A01662242,1,0,1,0,0,1
A01742458,1,1,1,1,0,0
A01641450,1,1,1,1,0,1
A01754198,1,1,1,1,0,1
A01754271,1,1,1,1,0,1
A01641694,1,0,1,0,0,1
A01754458,0,0,1,0,0,1
A01642157,1,1,1,1,0,1
A01662022,1,0,1,0,0,1
A01709397,1,0,1,1,0,1
A01662729,1,0,1,0,0,1
A01742469,1,1,1,1,0,1
A01643406,1,1,1,0,1,1
A01563041,1,1,1,0,1,1
A01643842,1,1,1,0,1,1
A00344773,1,0,1,0,0,1
A01375748,0,0,1,0,0,1
A01610743,1,0,0,1,1,1
A01652892,0,0,1,1,0,1
A01423092,1,1,1,0,1,1
A01379409,1,0,1,1,0,1
A01653708,1,1,1,1,0,1
A01745874,0,0,1,1,0,1
A01653934,1,1,1,0,0,1
A01634164,0,0,1,0,0,1
A01025110,1,1,1,1,0,1
A01745412,1,0,1,1,0,1
A01654151,1,1,1,1,0,1
A01654220,1,0,1,1,1,1
A01654462,1,0,1,0,0,1
A01654758,1,0,1,0,0,1
A01655797,0,0,1,0,0,1
A00572153,1,1,1,1,0,1
A01655546,0,0,1,1,1,1
A01655470,0,0,1,1,0,1
A01746687,1,1,1,1,0,1
A01635402,1,1,1,0,0,1
A01656295,1,1,1,1,0,1
A01747343,1,1,1,1,0,1
A01026298,1,1,1,0,1,1
A01656974,1,1,1,0,1,1
A01368548,1,0,1,1,1,1
A01655897,1,0,1,1,0,1
A01027001,1,1,1,1,0,1
A01635817,1,0,1,0,0,1
A01656395,1,0,1,0,0,1
A01636313,1,1,1,0,1,1
A01748658,1,1,1,1,0,1
A01252794,1,1,1,0,0,1
A01748412,0,0,1,0,0,1
A01656992,1,1,1,1,0,1
A01741042,1,1,1,1,0,1
A01749027,1,1,1,0,1,1
A01657574,1,1,1,0,1,1
A01568914,1,1,1,0,1,1
A01568923,1,1,1,0,1,1
A01749524,1,1,1,0,1,1
A01749821,1,1,1,0,1,1
A01657732,1,1,1,0,1,1
A01659016,1,1,1,0,1,1
A01751565,1,1,1,1,0,1
A01639556,0,0,1,0,0,1
A01659913,0,0,1,0,0,1
A01625437,0,0,1,0,0,1
A01752817,1,1,1,1,0,1
A01640507,1,1,1,1,1,1
A01781661,1,1,1,1,0,1
A01753487,1,0,1,0,0,1
A01661077,0,0,1,1,0,1
A01661424,1,1,1,1,0,1
A01661554,1,1,1,0,1,1
A01754604,1,1,1,1,0,0
A01661712,1,1,1,1,0,1
A01661737,1,0,1,0,0,1
A01783031,1,1,1,1,0,1
A01783197,1,1,1,0,0,1
A01662495,0,0,1,0,0,1
A01709615,1,0,1,0,0,1
A01662731,1,1,1,1,1,1
A01664513,1,1,1,0,1,1
A01664948,1,1,1,0,1,1
A01643926,1,1,1,0,1,1
A00719711,1,1,1,1,0,1
A01798022,1,1,1,1,0,1
A01026235,1,1,1,1,0,1
A01566665,1,1,1,1,0,1
A01740191,1,1,1,1,0,1
A00571494,0,0,1,0,0,1
A01632826,1,1,1,1,0,1
A01379141,1,1,1,1,1,1
A00827525,0,0,1,1,0,1
A01654906,1,1,1,1,0,1
A01611550,1,1,1,1,0,1
A01654949,1,0,1,1,0,1
A01746205,1,1,1,1,0,1
A01721580,0,0,1,1,0,1
A01746337,1,1,1,0,1,1
A01566899,1,1,1,1,0,1
A01660679,1,1,1,1,0,1
A01540826,0,0,1,1,0,1
A01026229,1,0,1,1,0,1
A01746985,1,1,1,1,0,0
A01026496,1,1,1,1,0,1
A01655923,0,0,1,0,0,1
A01177785,1,1,1,0,1,1
A01704182,1,0,1,0,0,1
A01174131,1,1,1,0,1,1
A01656070,1,0,1,1,0,1
A01748841,1,1,1,1,0,1
A01656613,1,0,1,1,0,1
A01748688,1,1,1,1,0,1
A01068308,1,1,1,1,0,1
A01656988,1,0,1,1,0,1
A01750753,1,0,1,0,0,1
A01749690,1,1,1,0,1,1
A01657776,1,1,1,0,1,1
A01658108,0,0,1,1,1,1
A01659017,1,1,1,0,1,1
A01642935,1,1,1,0,1,1
A01638813,1,1,1,1,0,1
A01659758,1,1,1,0,1,1
A00830189,0,0,1,1,0,1
A01781053,1,1,1,1,0,1
A01639705,0,0,1,1,0,1
A01781688,0,0,1,0,0,1
A01660707,1,0,1,1,0,1
A01753294,1,1,1,1,0,1
A01782799,1,1,1,0,0,1
A01254066,1,1,1,1,0,1
A01641156,1,0,1,0,0,1
A01782183,0,0,1,1,0,1
A01641518,1,1,1,1,0,1
A01754348,1,1,1,1,0,1
A01641809,1,1,1,1,0,1
A01661705,1,1,1,1,0,0
A01782654,1,1,1,1,0,1
A01798147,1,0,1,0,0,1
A01662420,1,1,1,1,0,1
A01662554,1,0,1,1,0,1
A01661908,1,0,1,0,0,1
A01771265,1,0,1,1,0,1
A01736533,1,0,1,1,0,1
A01782959,0,0,1,1,0,1
A01736698,1,1,1,1,0,1
A01783093,1,0,1,1,0,1
A01662241,1,1,1,1,0,1
A01783127,1,0,1,0,0,1
A01798085,1,0,1,0,0,1
A01664163,1,1,1,0,1,1
A01664663,1,1,1,0,1,1
A01373553,1,1,1,1,0,0
A01337843,0,0,1,1,0,1
A01339165,0,0,1,1,0,0
A01551878,1,0,1,1,0,1
A01246111,1,0,1,0,0,1
A01633316,1,1,1,0,1,1
A01566969,1,1,1,1,0,1
A01024998,1,1,1,1,0,1
A00227097,1,0,1,1,0,1
A01252055,1,0,1,1,0,1
A01746009,1,1,1,0,0,1
A01654983,1,0,1,1,0,1
A01611567,0,0,1,0,0,1
A01026145,1,1,1,1,0,1
A01635456,1,0,1,0,0,1
A01635506,1,0,1,0,0,1
A00572368,1,1,1,1,0,0
A01747920,1,1,1,1,0,1
A01748050,1,0,1,0,0,1
A01748077,1,1,1,1,0,1
A00572445,1,1,1,1,0,1
A01636326,1,0,1,0,0,1
A01067478,1,1,1,1,0,1
A01740975,1,1,1,1,0,1
A01656455,1,1,1,1,0,0
A01027073,1,0,1,1,0,1
A01748289,0,0,1,0,0,1
A01749039,1,1,1,0,1,1
A01636833,1,1,1,1,0,1
A01751241,1,1,1,0,1,1
A01750120,1,1,1,1,0,1
A01254206,1,1,1,1,0,1
A01640662,1,1,1,1,0,1
A01637264,1,1,1,0,1,1
A01657298,1,1,1,0,1,1
A01657791,1,1,1,0,1,1
A01657771,1,1,1,0,1,1
A01638006,1,1,1,0,1,1
A01769443,0,0,1,1,0,1
A01541505,1,0,1,1,0,1
A01029417,1,1,1,1,0,1
A01029189,1,1,1,1,0,1
A01640200,1,0,1,1,1,1
A01659100,0,0,1,0,0,1
A01067933,1,0,1,1,0,1
A01660993,1,0,1,0,0,1
A01781770,1,1,1,1,0,1
A01661167,1,1,1,1,0,1
A00834212,1,0,1,1,0,1
A01782131,1,1,1,1,0,1
A01254045,1,1,1,1,0,1
A01742438,1,1,1,1,0,1
A01641675,1,1,1,0,1,1
A01736575,1,1,1,1,0,1
A01798066,1,1,1,1,0,1
A00834697,0,0,1,0,0,1
A01661879,1,1,1,1,0,1
A01642099,1,1,1,0,1,1
A01754455,0,0,1,0,0,1
A01641954,1,1,1,0,0,1
A01412742,1,0,1,1,0,1
A01754987,1,1,1,1,0,1
A01642323,1,1,1,1,0,1
A01662510,1,0,1,1,0,1
A01662785,1,1,1,1,0,1
A01664466,1,1,1,0,1,1
A01761377,1,1,1,0,1,1
A01742359,1,1,1,1,0,1
A01651820,1,0,1,1,0,1
A01023650,1,1,1,1,1,1
A01366973,1,1,1,1,0,1
A01114881,1,1,1,1,0,1
A01652879,1,1,1,1,0,1
A01653276,1,0,1,1,0,1
A01653355,1,0,1,1,0,1
A01379865,1,1,1,1,0,1
A01540719,0,0,1,0,0,1
A01636045,1,1,1,1,0,1
A01633752,1,1,1,0,1,1
A01745869,1,1,1,1,0,1
A01745138,1,1,1,1,0,1
A01634562,1,1,1,1,0,1
A01655193,1,1,1,1,0,1
A01635128,1,0,1,0,0,1
A01732379,1,0,1,1,0,1
A01026293,1,0,1,0,0,1
A01655801,0,0,1,1,0,1
A01798001,1,1,1,1,0,0
A01747835,1,1,1,1,0,1
A01635806,1,1,1,1,0,1
A01423674,1,0,1,0,0,1
A01656320,1,0,1,1,0,1
A01656434,1,0,1,0,0,1
A01368938,1,0,1,0,0,1
A01636077,1,1,1,1,0,1
A01027616,1,0,1,0,0,1
A01636831,1,1,1,1,0,1
A01656980,1,1,1,1,0,1
A01657247,0,0,1,1,0,1
A01637232,1,1,1,0,1,1
A01705851,1,1,1,0,1,1
A01657813,1,1,1,0,1,1
A01657649,1,0,1,1,0,1
A01658835,1,1,1,0,0,1
A01638315,1,1,1,0,1,1
A01028751,1,1,1,0,1,1
A01770957,1,1,1,0,0,1
A01639710,1,1,1,1,0,1
A01659250,1,0,1,1,0,1
A01639681,1,1,1,1,0,1
A01707820,1,0,1,0,0,1
A01736418,1,1,1,1,0,0
A01640265,1,1,1,1,0,1
A01752815,1,0,1,1,0,1
A01640621,1,1,1,0,1,1
A01661184,1,0,1,0,0,1
A01640861,1,1,1,1,0,1
A01753739,1,0,1,1,0,1
A01754410,1,1,1,1,0,0
A01661709,1,0,1,1,0,1
A01782752,1,1,1,1,0,1
A01661954,1,1,1,1,0,1
A01662561,1,0,1,1,0,1
A01754922,1,1,1,1,0,1
A01625626,1,1,1,1,0,1
A01798083,1,1,1,1,0,0
A01642402,1,1,1,1,0,1
A01798131,0,0,1,1,0,1
A01663707,1,1,1,0,1,1
A01625355,1,1,1,1,0,1
A01368369,0,0,1,1,0,1
A01633006,0,0,1,0,0,1
A01702531,1,1,1,0,0,1
A01379804,1,1,1,1,0,1
A01566793,0,1,1,1,0,1
A01423227,1,1,1,1,0,1
A01620507,0,0,1,0,0,1
A01745576,1,1,1,1,0,1
A01659770,0,0,1,1,0,1
A01746314,1,1,1,1,0,1
A01752769,0,0,1,1,0,1
A01655175,0,0,1,1,0,1
A01655429,1,1,1,1,0,1
A01655324,1,1,1,0,0,1
A01540824,1,1,1,1,0,1
A01732317,0,0,1,0,0,1
A01026157,1,1,1,1,0,1
A01747025,1,1,1,0,1,1
A01635772,1,0,1,1,0,1
A01635747,1,1,1,1,0,1
A01747522,1,1,1,1,0,1
A01747557,1,1,1,1,0,1
A01704852,1,0,1,1,0,1
A01747990,1,1,1,1,0,1
A01748085,0,0,1,1,0,1
A01636315,0,0,1,0,0,1
A01748549,1,1,1,1,0,1
A01027041,1,0,1,0,0,1
A01748520,0,0,1,1,0,1
A01636923,1,1,1,0,1,1
A01748728,1,1,1,0,1,1
A01636828,1,1,1,1,0,1
A01770361,1,0,1,1,0,1
A01753229,1,1,1,1,0,1
A01657142,1,0,1,0,0,1
A01749319,1,1,1,0,1,1
A01637092,1,1,1,0,1,1
A01369518,1,1,1,0,1,1
A01028699,1,1,1,1,0,1
A01541338,1,1,1,0,0,1
A01659029,1,0,0,1,1,1
A01639665,1,1,1,1,0,1
A01029922,0,0,1,1,0,1
A01639970,1,0,1,0,0,1
A01625442,1,1,1,1,0,1
A01640331,1,0,1,1,0,1
A01735551,1,0,1,1,0,1
A01781712,1,1,1,1,0,1
A01641048,1,1,1,1,0,1
A01798175,1,1,1,1,0,1
A01754194,1,1,1,1,0,1
A01641148,0,0,1,0,0,1
A01782872,1,1,1,1,0,0
A01642023,1,0,1,0,0,1
A01643194,1,1,1,0,1,1
A01664607,1,1,1,0,0,1
A01643725,1,1,1,0,1,1
A01720743,0,0,1,1,0,1
A01177763,1,0,1,0,0,1
A01281135,1,0,1,1,0,1
A01740604,1,0,1,1,0,1
A01720757,1,0,1,1,0,1
A01025291,1,0,1,1,0,1
A00227082,1,0,1,0,0,1
A01383034,1,0,1,0,0,1
A01284358,1,0,1,1,0,1
A00227216,1,0,1,1,0,1
A01197698,1,0,1,1,0,1
A01177509,0,0,1,1,0,1
A01721377,1,0,1,1,0,1
A01284501,1,0,1,0,0,1
A01721315,0,0,1,0,0,1
A01177648,1,0,1,0,0,1
A01284669,1,0,1,1,0,1
A01285136,1,1,1,0,1,1
A00227301,1,0,1,1,0,1
A01284634,0,0,1,0,0,1
A01721750,0,0,1,1,0,1
A01383399,1,1,1,1,0,1
A01721637,1,1,0,1,1,1
A01722059,1,0,1,0,0,1
A01177880,1,1,0,1,1,1
A01285065,0,0,1,0,0,1
A01177806,1,1,1,0,1,1
A01571130,1,0,1,1,0,1
A00825987,1,0,1,1,0,1
A01722124,1,1,0,1,1,1
A01067555,0,0,1,1,0,1
A00835052,1,0,1,1,0,1
A01638324,1,1,1,0,1,1
A01722242,1,1,1,0,1,1
A01722670,1,1,1,0,1,1
A00828370,1,0,1,1,0,1
A01285542,1,1,1,0,1,1
A01285666,1,1,1,0,1,1
A00830053,1,1,1,1,0,1
A00830885,1,1,1,1,1,1
A00830913,1,1,0,1,1,1
A01639263,0,0,1,1,0,1
A00830542,1,0,1,1,0,1
A00830387,0,0,1,0,0,1
A00830958,1,0,1,0,0,1
A00832270,1,0,1,1,0,1
A01384416,0,1,1,1,0,1
A00832953,1,0,1,1,0,1
A00833478,1,0,1,1,0,1
A00834960,1,1,0,1,1,1
A00834412,1,0,1,0,0,1
A01236482,1,0,1,0,0,1
A01742360,1,0,1,1,0,1
A01236471,1,0,1,0,0,1
A00835370,1,0,1,0,0,1
A00835338,1,0,1,0,0,1
A01736717,1,1,1,1,0,0
A00835265,1,1,1,0,1,1
A00835851,1,1,1,0,1,1
A00837676,1,1,1,0,1,1
A00837929,1,1,1,0,1,1
A01198433,1,1,1,0,1,1
A01284950,1,0,1,0,0,1
A01172765,1,0,1,1,0,1
A00832582,1,0,1,1,0,1
A01197357,1,0,1,1,0,1
A00227014,0,0,1,0,0,1
A01245619,0,0,1,1,0,1
A01411575,1,0,1,1,0,1
A00832344,1,1,1,0,1,1
A01284478,1,0,1,0,0,1
A01284334,1,0,1,1,0,1
A00832208,1,1,1,1,0,1
A01662663,1,1,0,1,1,1
A00823311,1,0,1,1,0,1
A01721530,0,1,1,1,0,1
A01740616,0,0,1,1,0,1
A01275957,1,1,0,1,1,1
A01026161,1,0,1,1,0,1
A01732983,1,1,1,1,0,1
A01721630,1,0,1,0,0,1
A01177952,1,0,1,1,0,1
A01368716,1,1,0,1,1,1
A01722061,0,0,1,1,0,1
A01177861,1,0,1,1,0,1
A01198166,1,0,1,0,0,1
A00826474,1,0,1,0,0,1
A01639616,1,0,1,0,0,1
A01383696,1,1,1,0,1,1
A01571258,1,1,1,0,1,1
A01285194,1,1,1,0,1,1
A01252922,1,1,1,0,1,1
A01722523,1,1,1,0,1,1
A01571467,0,1,1,0,1,1
A00829580,1,0,1,1,0,1
A00837927,1,1,1,0,1,1
A01751091,1,0,1,1,0,1
A00227564,1,0,1,1,0,1
A00831024,0,0,1,1,0,1
A00830396,1,0,1,1,0,1
A00830675,1,0,1,0,0,1
A01541560,0,0,1,1,0,1
A00831763,1,0,1,0,0,1
A00831962,1,0,1,1,0,1
A01708180,0,0,1,1,0,1
A00832599,1,0,1,1,0,1
A00832372,1,0,1,0,0,1
A00832438,0,0,1,0,0,1
A00832602,1,1,1,1,0,1
A00833103,1,0,1,1,0,1
A00833420,1,0,1,1,0,1
A01254288,1,0,1,0,0,1
A00835199,1,1,0,1,1,1
A00834780,1,0,1,1,0,1
A00835853,1,1,1,0,1,1
A01283222,1,1,1,0,1,1
A01571027,1,0,1,0,0,1
A01280844,1,1,0,1,1,1
A01284597,0,0,1,1,1,1
A01173184,1,0,1,1,0,1
A01411232,1,0,1,1,0,1
A01720648,1,0,1,1,1,1
A01234329,0,0,1,0,0,1
A01067439,1,1,1,0,1,1
A01025062,1,1,1,1,1,1
A01740682,1,0,1,0,1,0
A01570765,0,0,1,1,0,1
A01746637,1,1,1,1,0,1
A01721380,1,0,1,1,0,1
A01367730,1,0,1,1,0,1
A01275262,0,0,1,1,1,1
A01284396,1,0,1,0,0,1
A01252414,1,1,1,0,1,1
A01570988,1,0,1,1,0,1
A01285085,1,0,1,1,0,1
A01284927,1,1,1,0,1,1
A01721710,1,0,1,1,0,1
A01177904,1,0,1,0,0,1
A01275567,1,0,1,1,0,1
A01284972,1,0,1,0,0,1
A01566968,1,0,1,1,0,1
A01721697,1,0,1,0,0,1
A01284712,1,1,1,1,0,1
A01284858,0,0,1,0,0,1
A00825007,1,0,1,1,0,1
A01721946,1,0,1,1,0,1
A01284966,1,0,1,0,0,1
A01571219,1,0,1,1,0,1
A01284948,1,0,1,0,0,1
A01198225,1,1,0,1,1,1
A01571215,1,0,1,1,0,1
A01722158,1,0,1,1,0,1
A00829897,1,1,1,0,1,1
A00834205,1,0,1,0,0,1
A00835010,1,1,0,1,1,1
A00835221,1,0,1,0,0,1
A01722429,1,1,1,0,1,1
A00572741,1,1,1,0,1,1
A01198656,1,1,1,0,1,1
A01571479,1,1,1,0,1,1
A00830314,1,1,1,1,0,1
A00831113,1,0,1,0,0,1
A00830809,1,0,1,0,0,1
A01562561,1,0,1,1,0,1
A00832611,1,0,1,0,0,1
A01625415,1,0,1,1,0,1
A00832313,1,0,1,1,0,1
A00832113,1,1,1,0,1,1
A00831741,1,0,1,0,0,1
A00831867,1,0,1,1,0,1
A01708182,0,0,1,0,0,1
A00832166,1,0,1,1,0,1
A00833348,1,0,1,0,0,1
A00832792,0,0,1,0,0,1
A00833065,1,0,1,0,0,1
A00832811,0,0,1,0,0,1
A00833913,0,0,1,0,0,1
A01771206,1,0,1,1,0,1
A00835461,1,0,1,0,0,1
A00835442,1,1,0,1,1,1
A00836338,1,1,1,0,1,1
A00837156,1,1,1,0,1,1
A00837454,1,1,1,0,1,1
A00838240,1,1,1,0,1,1
A00838192,1,1,1,0,1,1
A01275536,0,0,1,0,0,1
A01196295,1,0,1,1,0,1
A01177029,1,0,1,1,0,1
A01177225,0,1,1,1,0,1
A01284032,1,0,0,1,1,1
A00831670,1,0,1,1,0,1
A01411646,1,0,1,1,0,1
A01173967,1,0,1,1,0,1
A01721113,1,0,1,1,0,1
A01351875,1,1,1,1,0,0
A01566908,1,0,1,1,0,1
A01246337,1,0,1,1,0,1
A01721617,0,0,1,0,0,1
A01709067,1,0,1,1,0,1
A01197979,1,0,1,1,0,1
A01198075,0,0,1,0,0,1
A01284654,0,0,1,0,0,1
A01174107,1,0,1,1,0,1
A01275546,1,0,1,1,0,1
A01197990,0,0,1,0,0,1
A01571087,1,0,1,0,0,1
A01571023,1,0,1,1,0,1
A01284720,1,0,1,1,0,1
A01284902,1,0,1,1,0,1
A01721888,0,0,1,0,0,1
A01732695,0,0,1,0,0,1
A01740727,1,0,1,0,0,1
A01198113,1,0,1,1,0,1
A01177862,1,0,1,1,0,1
A01383640,1,0,1,0,0,1
A00832311,1,0,1,1,0,1
A01749007,1,1,0,1,1,1
A00833974,0,0,1,0,0,1
A01661980,1,1,1,1,1,1
A00833366,1,0,1,1,0,1
A01383676,0,1,1,0,1,1
A01369626,1,1,1,0,1,1
A01178048,1,1,1,0,1,1
A00827564,1,0,1,1,1,1
A01285447,1,1,1,0,1,1
A01722314,1,1,1,0,1,1
A00836118,1,1,1,0,1,1
A01198682,1,1,1,0,1,1
A01722588,1,1,1,0,1,1
A00828744,1,1,1,1,0,1
A01752237,1,0,1,1,0,1
A00830626,1,0,1,1,0,1
A00830116,1,0,1,0,0,1
A01253602,1,0,1,1,0,1
A00831863,0,0,1,1,0,1
A00830361,0,0,1,1,0,1
A00832390,1,0,1,1,0,1
A00831870,1,0,1,1,0,1
A01174851,1,0,1,0,0,1
A00835057,1,1,1,0,1,1
A00832316,1,0,1,1,0,1
A00573362,1,0,1,1,0,1
A01662288,1,1,0,1,1,1
A00832767,1,0,1,0,0,1
A00832701,0,0,1,0,0,1
A00832974,1,1,1,0,1,1
A00833286,0,0,1,0,0,1
A00835064,1,0,1,0,0,1
A00833464,0,0,1,0,0,1
A00834636,1,0,1,1,0,1
A01642033,1,1,1,1,1,1
A00834231,0,0,1,0,0,1
A01236336,1,0,1,0,0,1
A00573605,1,0,1,1,0,1
A01742440,1,0,1,0,0,1
A00835271,1,1,1,0,1,1
A00836041,1,1,1,0,1,1
A01025026,1,1,1,0,1,1
A01571028,1,0,1,0,0,1
A01284085,1,0,1,1,0,1
A01411492,1,0,1,1,0,1
A01720222,1,1,1,1,0,1
A01233733,1,0,1,0,0,1
A01177407,1,0,1,1,0,1
A00832350,0,0,1,1,0,1
A01198436,1,1,1,0,1,1
A01245430,0,0,1,1,0,1
A01654484,0,0,1,1,1,1
A01197789,1,0,1,1,0,1
A01721063,0,0,1,1,0,1
A01721605,0,0,1,0,0,1
A01721870,1,1,1,1,0,1
A01383362,1,1,1,1,1,1
A01177818,1,0,1,0,0,1
A01721661,1,0,1,0,0,1
A01245656,0,0,1,0,0,1
A01177829,1,0,1,0,0,1
A01285081,1,0,1,0,0,1
A01747910,1,0,1,0,0,1
A01656921,1,0,1,1,0,1
A01423928,1,1,1,1,0,0
A01567119,0,1,1,0,1,1
A01285640,1,1,1,0,1,1
A00832353,1,0,1,1,0,1
A00830883,1,0,1,1,0,1
A01178138,1,1,1,0,1,1
A01722211,1,1,1,0,1,1
A01178141,1,1,1,0,1,1
A01769324,1,1,1,0,1,1
A01722509,1,1,1,0,1,1
A01178154,1,1,1,0,1,1
A01722673,1,1,1,0,1,1
A01571427,1,1,1,0,1,1
A00836793,1,1,1,0,1,1
A01198576,1,1,1,0,1,1
A00829204,1,0,1,0,0,1
A00829704,1,0,1,0,0,1
A00830229,1,0,1,1,0,1
A00832585,1,0,1,0,0,1
A00835180,1,1,0,1,1,1
A01734773,1,0,1,0,0,1
A01236163,1,0,1,1,0,1
A00831841,1,0,1,1,0,0
A00833239,1,0,1,1,0,1
A00832398,1,0,1,1,0,1
A01708958,1,0,1,0,0,1
A00832930,1,0,1,0,0,1
A01661509,1,1,0,1,1,1
A00834180,0,1,1,1,1,1
A00834801,0,0,1,0,0,1
A00833932,1,0,1,1,0,1
A01771087,1,1,1,0,1,1
A00834547,1,0,1,1,0,1
A00834720,0,0,1,0,0,1
A00835165,0,0,1,0,0,1
A01068310,1,0,1,0,0,1
A00836340,1,1,1,0,1,1
A01283640,1,0,1,0,0,1
A01383350,1,1,0,1,1,1
A01282191,1,0,1,0,0,1
A01707673,1,1,1,1,0,1
A01731390,1,1,1,1,0,1
A01702665,1,0,1,0,0,1
A01721740,1,1,1,0,1,1
A01721487,1,0,1,1,0,1
A01284338,0,0,1,0,0,1
A01654938,1,1,1,1,1,1
A01025654,1,0,1,1,0,1
A01368259,1,1,1,1,0,1
A01026268,1,0,1,0,0,1
A01611635,1,1,1,0,1,1
A01571008,1,0,1,0,0,1
A01620804,0,0,1,1,0,1
A01252503,1,1,1,1,0,1
A01732572,1,0,1,1,0,1
A00835357,1,0,1,1,0,1
A01284979,0,0,1,1,0,1
A01721625,1,0,1,0,0,1
A01721837,1,0,1,0,0,1
A01198139,0,0,1,1,0,1
A01177744,1,0,1,1,0,1
A01721819,1,0,1,0,0,1
A01571024,1,1,1,1,0,1
A01566971,1,0,1,1,0,1
A01285556,1,1,1,0,1,1
A00827981,1,0,1,1,0,1
A00832936,1,0,1,0,0,1
A01285192,1,1,1,0,1,1
A01722516,1,1,1,0,1,1
A01722677,1,1,1,0,1,1
A00232424,1,1,1,0,1,1
A00829321,1,0,1,1,0,1
A01285670,1,1,1,0,1,1
A01285719,1,1,1,0,1,1
A00829720,0,0,1,1,0,1
A00829589,1,0,1,1,0,1
A01734957,1,0,1,1,0,1
A00830843,1,0,1,1,0,1
A00830579,0,0,1,1,0,1
A00830728,0,0,1,0,0,1
A00830473,0,0,1,0,0,1
A00831710,1,0,1,1,0,1
A00831638,0,0,1,1,0,1
A01174701,1,0,1,0,0,1
A01660898,1,0,1,1,0,1
A00832717,1,1,1,1,0,0
A00833566,0,0,1,1,0,1
A00834090,1,0,1,1,0,1
A00833194,0,0,1,1,0,1
A01562598,1,0,1,1,0,1
A01661786,1,1,1,0,1,1
A00834974,1,0,1,0,0,1
A00834340,1,0,1,0,0,1
A00835170,1,0,1,1,0,1
A00837928,1,1,1,0,1,1
A00836720,1,1,1,0,1,1
A00836336,1,1,1,0,1,1
A00836863,1,1,1,0,1,1
A00837448,1,1,1,0,1,1
A01283494,0,0,1,1,0,1
A01197810,1,0,1,1,0,1
A01552437,1,0,1,1,0,1
A01039695,0,0,1,1,0,1
A01740689,0,0,1,1,0,1
A01282387,0,0,1,0,0,1
A00226956,1,0,1,1,0,1
A01422749,0,0,1,0,0,1
A00517144,1,1,0,1,1,1
A01570629,0,0,1,0,0,1
A01382869,1,1,1,1,0,1
A01412723,1,0,1,1,0,1
A01245756,1,0,1,0,0,1
A01245488,1,0,1,1,0,1
A01721261,0,0,1,1,1,1
A01383190,1,0,1,1,0,1
A01245648,1,0,1,1,0,1
A01383325,1,0,1,1,0,1
A01383450,1,1,1,1,0,1
A01721867,1,0,1,0,0,1
A01198007,1,0,1,1,0,1
A01252457,1,0,1,0,0,1
A01177740,1,0,1,0,0,1
A01620744,0,0,1,1,1,1
A01245713,0,0,1,1,1,1
A01732785,1,0,1,0,0,1
A01704183,1,1,1,0,1,1
A01177934,0,0,1,0,0,1
A01198119,1,1,0,1,1,1
A01275784,1,0,1,0,0,1
A01571231,1,0,1,1,0,1
A01741532,0,0,1,0,0,1
A01612139,1,1,1,0,1,0
A01568898,1,1,1,0,1,1
A00828367,1,0,1,1,0,1
A01285305,1,1,1,0,1,1
A01198473,1,1,1,0,1,1
A01657757,1,1,0,1,1,1
A01750948,1,0,1,0,0,1
A01541343,1,1,0,1,1,1
A00829499,0,0,1,0,0,1
A00829997,1,1,1,1,0,1
A00831608,1,0,1,0,0,1
A00833374,1,0,1,0,0,1
A01612832,1,1,1,0,1,1
A00832244,1,1,1,1,1,1
A01384427,1,0,1,1,0,1
A00831673,1,0,0,1,1,1
A00832181,1,0,1,1,0,1
A00834577,1,1,1,0,1,1
A01735823,1,1,1,1,0,1
A00833886,1,0,1,1,0,1
A00833797,0,0,1,0,0,1
A01236338,0,0,1,1,0,1
A00833606,1,0,1,0,0,1
A00834493,1,0,1,1,0,1
A00835284,0,0,1,0,0,1
A01662328,0,0,1,1,0,1
A00835377,1,0,1,0,0,1
A00837285,1,1,1,0,1,1
A00836594,1,1,1,0,1,1
A00837991,1,1,1,0,1,1
A00836958,0,1,1,0,1,1
A00837993,1,1,1,0,1,1
A01563266,1,1,1,0,1,1
A01177868,1,1,1,0,1,1
A01275616,1,1,1,1,0,1
A01566523,1,0,1,0,0,1
A01177171,1,0,1,1,0,1
A01730035,0,1,1,0,1,1
A00226979,1,1,1,1,0,1
A01233735,1,0,1,0,0,1
A01283738,1,0,1,1,0,1
A01570481,0,0,1,1,0,1
A01285606,1,1,1,0,1,1
A01367531,1,0,0,1,1,1
A01245456,0,0,1,1,0,1
A01197684,0,0,1,1,0,1
A01284253,1,1,0,1,1,1
A01284537,1,0,1,0,0,1
A01655116,1,0,1,1,0,1
A01611640,1,0,1,0,0,1
A01383331,1,1,0,1,1,1
A00835245,1,0,1,1,0,1
A01721729,1,0,1,1,0,1
A01174277,1,1,1,0,1,1
A01177998,1,0,1,1,0,1
A01284864,0,0,1,0,0,1
A01198067,1,0,1,0,0,1
A01567003,1,0,1,1,0,1
A01722752,1,0,1,1,0,1
A01198258,1,1,1,0,1,1
A01412035,1,0,1,0,0,1
A01028150,1,0,1,1,0,1
A00572557,1,1,1,0,1,1
A01722527,1,1,1,0,1,1
A01612915,1,0,1,1,0,1
A01178228,1,1,1,0,1,1
A01285669,1,1,1,0,1,1
A00830134,0,0,1,1,0,1
A00832201,1,0,1,1,0,1
A00830640,0,0,1,1,0,1
A01253546,0,1,1,1,0,1
A00831437,1,0,1,0,0,1
A00832312,1,0,1,1,0,1
A00836405,1,1,1,0,1,1
A00837029,1,1,1,0,1,1
A00831554,0,0,1,1,0,1
A00833835,0,0,1,0,0,1
A00833557,1,0,1,0,0,1
A00833475,1,0,1,1,0,1
A00833059,1,0,1,1,0,1
A01708726,1,0,1,1,0,1
A00833104,1,0,1,1,0,1
A00833409,1,0,1,0,0,1
A01709070,0,0,1,0,0,1
A00834259,1,1,1,0,1,1
A00835252,1,0,1,1,0,1
A00833580,1,0,1,1,0,1
A01277311,1,1,1,1,0,1
A00835182,1,1,0,1,1,1
A00835148,1,0,1,1,0,1
A00836477,1,1,1,0,1,1
A00835803,1,1,1,0,1,1
A00836465,0,1,1,0,1,1
A00837702,1,1,1,0,1,1
A00837295,1,1,1,0,1,1
A01701559,1,1,1,1,0,1
A01566769,1,1,1,1,0,1
A01703388,1,1,1,1,0,1
A01703486,1,0,1,1,0,1
A01703743,1,1,1,1,0,0
A00572326,1,1,1,1,0,1
A01423929,1,1,1,0,0,1
A01770714,1,1,1,1,0,1
A01706749,1,0,1,1,0,1
A01708689,1,1,1,1,0,1
A01625649,1,1,1,1,0,1
A01703896,1,1,1,1,0,1
A01568677,1,0,1,0,0,1
A01246397,1,1,1,1,0,0
A01704773,1,0,1,1,0,1
A01735460,1,0,1,0,0,1
A01709401,1,1,1,1,0,0
A01566850,1,0,1,0,0,1
A01732704,0,0,1,0,0,1
A01611875,1,0,1,1,0,1
A01275657,1,1,1,1,0,1
A01540462,1,1,1,1,0,1
A01705257,1,1,1,1,0,1
A01769262,1,0,1,0,0,1
A01709049,1,1,1,0,0,1
A01709484,1,1,1,1,0,1
A01742445,1,0,1,1,0,1
A01736607,1,1,1,1,0,0
A01702545,1,0,1,1,0,1
A01568861,1,1,1,1,0,1
A01612024,1,0,1,1,0,1
A01708457,1,0,1,1,0,1
A01736592,0,0,1,1,0,1
A01731650,0,0,1,0,0,1
A01610701,1,0,1,1,0,1
A01731393,0,0,1,1,0,1
A01708242,1,0,1,1,0,1
A01735748,1,1,1,1,0,1
A01771185,1,1,1,1,0,1
A01366078,1,1,1,1,0,1
A01705322,1,1,1,1,0,1
A01735734,0,0,1,1,0,1
A01661428,1,1,1,1,0,1
A01709404,1,1,1,1,0,1
A01613486,1,1,1,1,0,1
A00571608,1,1,1,1,0,1
A01275889,1,1,1,1,0,1
A01236217,1,1,1,1,0,1
A01275063,1,1,1,1,0,1
A01703834,1,1,1,1,0,1
A01732476,0,0,1,1,0,1
A01732977,1,1,1,1,0,1
A01734617,1,1,1,1,0,1
A01068160,1,1,1,1,0,1
A01368834,1,1,1,1,0,1
A01706557,1,1,1,1,0,1
A01735684,1,0,1,1,0,1
A01277328,1,1,1,1,0,1
A01736678,1,1,1,1,0,1
A01704140,0,0,1,0,0,1
A00572253,1,1,1,1,0,1
A01736224,1,1,1,1,0,1
A01425043,1,0,1,1,0,1
A01611764,1,1,1,1,0,1
A01708755,1,1,1,1,0,1
A01736323,0,0,1,0,0,1
A01731244,1,1,1,1,0,1
A01709354,1,1,1,1,0,1
A01566928,1,0,1,0,0,1
A01383927,1,1,1,1,0,1
A01742313,1,1,1,1,0,1
A01566829,1,1,1,1,0,1
A01351895,1,1,1,1,0,1
A01611766,1,1,1,1,0,1
A01368752,1,0,1,0,0,1
A01735502,1,1,1,1,0,1
A01734848,1,1,1,1,0,1
A01384388,1,0,1,0,0,1
A01736213,1,1,1,1,0,1
A01568626,1,0,1,1,1,1
A01411592,1,1,1,1,0,1
A01708125,1,0,1,0,0,1
A00835405,1,0,1,1,0,1
A01368207,1,0,1,1,0,1
A01704518,1,0,1,1,0,1
A01275850,1,1,1,1,0,1
A01734954,1,1,1,1,0,1
A01424660,1,1,1,1,0,1
A01709400,1,1,1,1,0,1
A01736650,1,0,1,1,0,1
A01382495,1,1,1,1,0,1
A01707799,1,1,1,1,0,1
A01704256,1,1,1,1,0,1
A01705781,1,1,1,1,0,1
A01736031,0,0,1,1,0,1
A01770943,1,1,1,1,0,1
A01611783,1,1,1,1,0,1
A01770059,1,0,1,1,0,1
A01736735,1,0,1,1,0,1
A01611286,1,0,1,1,0,1
A01254319,1,1,1,1,0,1
A01735206,0,0,1,0,0,1
A01770377,1,1,1,1,0,1
A01568388,1,1,1,1,0,1
A01708906,1,1,1,1,0,1
A01611622,0,0,1,1,0,1
A01423590,1,1,1,1,0,1
A01252453,1,0,1,0,0,1
A01620688,1,0,1,0,0,1
A01275683,1,1,1,1,0,1
A01705083,0,0,1,0,0,1
A01769050,1,1,1,1,0,1
A01706636,1,1,1,1,0,1
A01735503,1,0,1,1,0,0
A01236131,0,0,1,0,0,1
A01709332,1,1,1,1,0,1
A01771326,0,0,1,1,0,1
A01274960,1,1,1,1,0,1
A01173916,1,1,1,1,0,1
A01252406,1,0,1,0,0,1
A01620758,1,1,1,1,0,1
A01704496,1,1,1,1,0,1
A01707478,0,0,1,0,0,1
A01562711,1,0,1,0,0,1
A01611226,1,1,1,1,0,1
A01423374,0,0,1,0,0,1
A01620707,1,0,1,0,0,1
A01562162,1,1,1,1,0,1
A01771244,1,0,1,0,0,1
A01732394,0,0,1,1,0,1
A01275745,1,1,1,1,0,1
A01705028,0,0,1,1,0,1
A01423824,0,0,1,0,0,1
A01735675,1,1,1,1,0,1
A01276921,1,0,1,1,0,1
A01412752,1,1,1,1,0,1
A01708386,1,0,1,0,0,1
A01770940,1,1,1,1,0,1
A01709338,0,0,1,1,0,1
A01709647,1,1,1,0,0,1
A01736462,1,1,1,1,0,1
A01709641,0,0,1,0,0,1
A01611669,1,0,1,0,0,1
A01368899,1,1,1,0,0,1
A01369342,0,0,1,1,0,1
A00828627,1,0,1,1,0,1
A01708661,1,1,1,1,0,1
A01736629,1,1,1,0,0,1
A01701366,0,0,1,1,0,1
A00830061,1,1,1,1,0,1
A01068319,1,1,1,1,0,1
A01566929,1,0,1,0,0,1
A01754794,1,1,1,1,0,1
A01612556,1,1,1,1,0,1
A01735808,0,0,1,0,0,1
A01735985,1,0,1,1,0,1
A01731053,0,0,1,1,0,1
A01367175,1,0,1,1,0,1
A01275758,1,0,1,0,0,1
A01707035,1,1,1,1,0,1
A01736382,1,0,1,1,0,1
A01366563,1,0,1,1,0,1
A01636827,0,0,1,1,0,1
A01638856,0,1,1,1,0,1
A01708103,1,1,1,0,0,1
A01708315,1,1,1,1,0,1
A01731322,1,1,1,1,1,1
A01411636,1,1,1,1,0,1
A01704708,1,1,1,1,0,0
A01733614,1,0,1,1,0,1
A01277182,1,1,1,1,0,1
A01613255,1,0,1,1,0,1
A01771091,0,0,1,1,0,1
A01709426,1,1,1,1,0,1
A01742454,1,1,1,1,0,1
A01701093,0,0,1,1,0,1
A01275417,0,0,1,1,0,1
A01252432,1,0,1,0,0,1
A01735724,1,0,1,1,0,1
A01742170,1,0,1,0,0,1
A01625527,1,1,1,1,0,1
A01742016,1,1,1,1,0,1
A01732629,1,1,1,1,0,1
A01656069,1,1,1,1,0,1
A01709405,1,0,1,1,0,1
A01730172,1,0,1,1,0,1
A01709143,1,1,1,1,0,0
A01423935,1,1,1,1,0,1
A01769409,1,1,1,1,0,1
A01708046,1,1,1,1,0,1
A01709223,1,1,1,1,0,0
A01771073,0,0,1,0,0,1
A01423460,1,1,1,1,0,0
A01704567,1,0,1,0,0,1
A01368941,1,1,1,1,0,1
A01705224,1,1,1,1,0,1
A01733303,1,1,1,1,0,1
A01708192,1,0,1,1,0,1
A01367116,0,0,1,1,0,1
A01252104,0,0,1,0,0,1
A01067575,1,0,1,1,0,1
A01562910,1,1,1,1,0,0
A01277253,1,1,1,1,0,1
A01771321,0,0,1,1,0,1
A01367828,1,0,1,1,0,1
A01368644,1,1,1,1,0,1
A01284847,1,0,1,0,0,1
A01625487,0,0,1,0,0,1
A01701729,0,1,1,1,0,1
A01423219,1,0,1,1,0,1
A01704130,1,1,1,1,0,1
A01611732,1,0,1,1,0,1
A01733037,1,0,1,1,0,1
A01706668,1,1,1,1,0,1
A01734914,1,1,1,1,0,1
A01254048,1,0,1,1,0,1
A01236498,0,0,1,0,0,1
A01704023,1,1,1,1,0,1
A01613258,1,0,1,1,0,1
A01620753,1,1,1,1,0,1
A01612507,1,1,1,1,0,1
A01735877,0,0,1,1,0,1
A00573745,1,1,1,1,0,1
A01736549,1,0,1,1,0,1
A00572852,1,1,1,1,0,1
A01276732,1,1,1,0,0,1
A01735304,1,1,1,0,0,1
A01276903,1,1,1,1,0,1
A01736439,1,1,1,0,0,1
A01708948,1,1,1,1,0,1
A01611730,1,1,1,1,0,0
A00572456,1,1,1,1,0,1
A01735370,0,0,1,0,0,1
A01612795,1,0,1,1,0,1
A01736471,1,1,1,1,0,1
A01423256,1,1,1,0,0,1
A01423214,0,0,1,1,0,1
A01233923,1,1,1,1,0,1
A01368534,1,1,1,1,0,1
A01707451,1,1,1,1,0,1
A01742459,1,1,1,0,0,0
A01736529,1,0,1,1,0,1
A01771283,1,0,1,1,0,1
A01351837,1,0,1,1,0,1
A01707861,1,0,1,1,0,1
A01732335,1,0,1,1,0,1
A01704847,1,1,1,1,0,1
A01368888,1,0,1,1,0,1
A01705330,1,1,1,1,0,1
A01736240,1,1,1,1,0,1
A01704793,1,1,1,1,0,1
A01770971,0,0,1,1,0,1
A01709286,1,1,1,1,0,1
A01566912,0,0,1,0,0,1
A01368686,0,0,1,0,0,1
A01620749,1,0,1,0,0,1
A01368878,1,1,1,1,0,1
A01753503,0,0,1,1,0,1
A01236446,1,0,1,0,0,1
A01611670,1,1,1,1,0,1
A01067459,1,0,1,1,0,1
A01705331,1,1,1,0,0,1
A01732488,1,1,1,1,0,1
A01733613,1,0,1,1,0,1
A01733918,0,0,1,0,0,1
A01562158,1,0,1,1,0,1
A01771002,0,0,1,0,0,1
A01424984,1,0,1,1,0,1
A01068279,1,1,1,1,0,1
A00573759,1,1,1,1,0,1
A01783328,1,1,1,1,0,0
A01566777,1,1,1,1,0,1
A01769686,1,1,1,1,0,1
A01769223,1,1,1,1,0,1
A01424662,1,1,1,1,0,1
A01708651,1,1,1,1,0,1
A00834982,1,1,1,1,0,1
A01702725,1,0,1,0,0,1
A01367699,1,1,1,1,0,1
A01732566,1,1,1,1,0,1
A01276354,1,0,1,0,0,1
A01706562,1,1,1,1,0,1
A01734981,1,0,1,1,0,1
A01562775,1,1,1,1,0,1
A01236476,1,1,1,1,0,1
A01251774,1,1,1,1,0,1
A01275427,0,0,1,1,0,1
A01705225,1,1,1,1,0,0
A01732772,1,1,1,1,0,0
A01732970,1,1,1,1,0,1
A01704531,1,1,1,1,0,1
A01704833,1,1,1,1,0,1
A01770956,0,0,1,0,0,1
A01736641,1,1,1,1,0,1
A01735699,0,0,1,1,0,1
A01708272,1,0,1,0,0,1
A01736023,1,0,1,1,0,1
A01736306,0,0,1,1,0,1
A01709202,0,0,1,0,0,1
A01709417,1,0,1,1,0,1
A01709374,1,1,1,1,0,0
A01704149,0,0,1,1,0,1
A01732719,1,1,1,1,0,1
A01369092,1,0,1,0,0,1
A01708304,1,0,1,1,0,1
A01411314,0,0,1,0,0,1
A01708159,1,0,1,1,0,1
A01745111,1,1,1,0,0,1
A01253560,1,1,1,1,0,1
A01736162,1,0,1,0,0,1
A01562729,1,1,1,1,0,1
A01411200,1,1,1,1,0,1
A01611440,1,1,1,1,0,1
A01735617,1,1,1,0,0,1
A01368292,1,0,1,1,1,1
A01368494,1,1,1,1,0,1
A01735289,1,1,1,1,0,1
A01708194,1,1,1,1,0,1
A01613184,1,1,1,1,0,1
A00570809,1,1,1,1,0,1
A01731770,1,1,1,1,0,1
A01067392,1,1,1,1,0,1
A01733359,1,0,1,1,0,1
A01706658,1,1,1,1,0,1
A01254041,1,1,1,1,0,1
A01703444,0,1,1,1,0,1
A01703749,1,1,1,1,0,1
A01709171,1,1,1,1,0,1
A01612947,1,0,1,1,0,1
A01733655,1,0,1,1,0,1
A01424074,1,1,1,1,0,0
A01425055,1,1,1,1,0,1
A01736296,1,0,1,1,0,1
A01736236,1,1,1,1,0,1
A01736466,1,1,1,1,0,1
A01704492,1,1,1,0,0,1
A01369458,0,0,1,1,0,1
A01352675,0,0,1,1,0,1
A01068192,1,1,1,1,0,1
A01709648,1,1,1,1,0,0
A01733417,1,0,1,1,0,1
A01253879,1,1,1,0,0,1
A01753227,1,1,1,1,0,1
A01277390,1,1,1,1,0,1
A01703363,1,0,1,1,0,1
A01704036,1,0,1,0,0,1
A01704848,1,0,1,0,0,1
A01740930,1,1,1,1,0,1
A00573266,1,1,1,0,0,1
A01709117,1,1,1,1,0,1
A01709210,1,1,1,1,0,1
A01275227,1,1,1,1,0,1
A01732440,0,0,1,1,0,1
A01568745,1,1,1,1,0,1
A01275868,1,0,1,0,0,1
A01367629,1,0,1,1,0,1
A01732699,0,0,1,1,0,1
A01706726,1,0,1,1,0,1
A01770116,1,1,1,1,0,1
A01209315,1,0,1,1,0,1
A01233697,1,1,1,1,0,1
A01708729,1,1,1,1,0,1
A01704254,1,1,1,1,0,1
A00572214,1,1,1,1,0,1
A01384703,1,0,1,0,0,1
A01747806,1,1,1,1,0,1
A01735929,1,0,1,0,0,1
A01753350,1,1,1,1,0,1
A01562754,1,1,1,1,0,1
A01701262,1,1,1,1,0,1
A01611786,1,0,1,1,0,1
A01705343,1,0,1,1,0,1
A01276878,1,1,1,1,0,1
A01735312,1,1,1,1,0,1
A00571250,1,1,1,1,0,1
A01656061,1,1,1,1,0,0
A01733106,1,1,1,1,0,1
A01733226,1,0,1,0,0,1
A01236210,1,1,1,1,0,1
A01068301,1,1,1,1,0,0
A01736095,1,0,1,0,0,1
A01736536,1,1,1,1,0,1
A01771170,1,1,1,1,0,1
A01709522,1,1,1,1,0,1
A01770611,1,1,1,1,0,1
A01733842,1,0,1,1,0,1
A01735757,1,0,1,1,0,1
A01068217,0,1,1,1,0,1
A01736428,0,0,1,1,0,1
A01730201,1,1,1,1,0,1
A01702754,1,0,1,1,0,1
A01741724,1,1,1,1,0,1
A01733502,1,1,1,1,0,1
A01707480,1,1,1,1,0,1
A01735310,0,0,1,1,0,1
A01736016,0,0,1,0,0,1
A01771005,0,0,1,0,0,1
A01736241,0,0,1,1,0,1
A01236526,1,1,1,1,0,1
